employment_length,mean_credit
unemployed,2495.9166666666665
Less than 4 years,3009.9169139465876
4 or more years,3168.7366548042705
