job,mean_credit
high qualif/self emp/mgmt,5435.493243243243
skilled,3070.965079365079
unemp/unskilled non res,2745.1363636363635
unskilled resident,2358.5200000000004
